Attributes,Adj Close,Adj Close,Adj Close,Adj Close,Adj Close,Adj Close,Adj Close,Adj Close,Close,Close,Close,Close,Close,Close,Close,Close,High,High,High,High,High,High,High,High,Low,Low,Low,Low,Low,Low,Low,Low,Open,Open,Open,Open,Open,Open,Open,Open,Volume,Volume,Volume,Volume,Volume,Volume,Volume,Volume
Symbols,GGRC11.SA,HABT11.SA,HFOF11.SA,UBSR11.SA,THRA11.SA,TGAR11.SA,HGBS11.SA,HGPO11.SA,GGRC11.SA,HABT11.SA,HFOF11.SA,UBSR11.SA,THRA11.SA,TGAR11.SA,HGBS11.SA,HGPO11.SA,GGRC11.SA,HABT11.SA,HFOF11.SA,UBSR11.SA,THRA11.SA,TGAR11.SA,HGBS11.SA,HGPO11.SA,GGRC11.SA,HABT11.SA,HFOF11.SA,UBSR11.SA,THRA11.SA,TGAR11.SA,HGBS11.SA,HGPO11.SA,GGRC11.SA,HABT11.SA,HFOF11.SA,UBSR11.SA,THRA11.SA,TGAR11.SA,HGBS11.SA,HGPO11.SA,GGRC11.SA,HABT11.SA,HFOF11.SA,UBSR11.SA,THRA11.SA,TGAR11.SA,HGBS11.SA,HGPO11.SA
Date,,,,,,,,,,,,,,,,,,,,,,,,,,,,,,,,,,,,,,,,,,,,,,,,
2019-12-03,139.39999389648438,110.93000030517578,109.87000274658203,106.20999908447266,148.5,121.22000122070312,285.8999938964844,198.6999969482422,139.39999389648438,110.93000030517578,109.87000274658203,106.20999908447266,148.5,121.22000122070312,285.8999938964844,198.6999969482422,140.0399932861328,110.94000244140625,109.87999725341797,106.48999786376953,155.0,121.22000122070312,286.0,199.5800018310547,136.5,109.55999755859375,107.61000061035156,104.80000305175781,148.5,121.22000122070312,284.05999755859375,196.05999755859375,138.10000610351562,109.87000274658203,108.91000366210938,105.0,150.00999450683594,121.22000122070312,286.0,196.05999755859375,61438.0,12659.0,45059.0,19624.0,3846.0,0.0,17213.0,1743.0
2019-12-04,140.1300048828125,112.98999786376953,110.52999877929688,107.7300033569336,147.5,121.22000122070312,285.1300048828125,200.10000610351562,140.1300048828125,112.98999786376953,110.52999877929688,107.7300033569336,147.5,121.22000122070312,285.1300048828125,200.10000610351562,140.47999572753906,113.5199966430664,112.87000274658203,107.88999938964844,149.52000427246094,121.22000122070312,285.9800109863281,201.97999572753906,139.0,110.9000015258789,109.05999755859375,106.01000213623047,147.5,121.22000122070312,284.05999755859375,198.6999969482422,139.39999389648438,110.94999694824219,109.86000061035156,106.30000305175781,148.5,121.22000122070312,285.8999938964844,198.99000549316406,26223.0,7408.0,30790.0,15396.0,19209.0,0.0,21797.0,4529.0
2019-12-05,141.0,112.0,113.48999786376953,107.5,147.8000030517578,121.22000122070312,284.8999938964844,200.10000610351562,141.0,112.0,113.48999786376953,107.5,147.8000030517578,121.22000122070312,284.8999938964844,200.10000610351562,141.32000732421875,113.4000015258789,113.80000305175781,107.94999694824219,149.99000549316406,121.22000122070312,285.5,202.99000549316406,139.9499969482422,111.55000305175781,110.52999877929688,106.80999755859375,147.50999450683594,121.22000122070312,284.5,200.10000610351562,140.1300048828125,112.80000305175781,111.43000030517578,107.5,147.50999450683594,121.22000122070312,285.4800109863281,201.4499969482422,35230.0,5607.0,22834.0,13017.0,28650.0,0.0,29368.0,3223.0
2019-12-06,143.0,112.0,114.73999786376953,106.91000366210938,152.0,121.22000122070312,287.1000061035156,201.5,143.0,112.0,114.73999786376953,106.91000366210938,152.0,121.22000122070312,287.1000061035156,201.5,143.1699981689453,112.73999786376953,115.0,107.5,152.0,121.22000122070312,287.55999755859375,203.97999572753906,140.69000244140625,112.0,113.05000305175781,106.80000305175781,147.5,121.22000122070312,284.9100036621094,200.5,141.0,112.5,113.4800033569336,107.5,147.5,121.22000122070312,285.010009765625,200.5,30945.0,6122.0,47129.0,15349.0,15867.0,0.0,22814.0,1195.0
2019-12-09,145.0,113.0,114.5,105.5999984741211,150.0,121.22000122070312,288.0,203.91000366210938,145.0,113.0,114.5,105.5999984741211,150.0,121.22000122070312,288.0,203.91000366210938,145.10000610351562,113.0,114.73999786376953,106.0,151.99000549316406,121.22000122070312,288.5,203.94000244140625,142.05999755859375,111.61000061035156,112.58000183105469,105.0,147.5,121.22000122070312,285.1199951171875,200.10000610351562,143.0,112.30000305175781,114.73999786376953,106.0,151.99000549316406,121.22000122070312,286.5,201.5,69763.0,8518.0,25619.0,27918.0,798.0,0.0,33602.0,1823.0
2019-12-10,145.8800048828125,113.5999984741211,114.0,105.12000274658203,149.64999389648438,121.22000122070312,283.8900146484375,205.99000549316406,145.8800048828125,113.5999984741211,114.0,105.12000274658203,149.64999389648438,121.22000122070312,283.8900146484375,205.99000549316406,146.1199951171875,113.98999786376953,114.5,105.5999984741211,150.0,121.22000122070312,287.94000244140625,206.0,145.0,112.0,112.20999908447266,104.94999694824219,148.0,121.22000122070312,277.0,203.1999969482422,145.0,113.0,114.5,105.5999984741211,149.99000549316406,121.22000122070312,287.94000244140625,203.91000366210938,41080.0,6624.0,33115.0,15462.0,41333.0,0.0,92337.0,1200.0
2019-12-11,146.8800048828125,112.2300033569336,114.7300033569336,105.33999633789062,149.9499969482422,121.22000122070312,285.0,205.42999267578125,146.8800048828125,112.2300033569336,114.7300033569336,105.33999633789062,149.9499969482422,121.22000122070312,285.0,205.42999267578125,147.00999450683594,114.0,114.7300033569336,105.91000366210938,150.0,121.22000122070312,285.0,206.7899932861328,145.89999389648438,110.52999877929688,113.13999938964844,104.9800033569336,148.00999450683594,121.22000122070312,282.1000061035156,204.30999755859375,146.0,113.5999984741211,114.19000244140625,105.12000274658203,150.0,121.22000122070312,283.8699951171875,205.99000549316406,22461.0,12546.0,19653.0,22230.0,1092.0,0.0,36425.0,978.0
2019-12-12,145.0,111.70999908447266,115.48999786376953,105.47000122070312,150.0,121.22000122070312,285.989990234375,206.74000549316406,145.0,111.70999908447266,115.48999786376953,105.47000122070312,150.0,121.22000122070312,285.989990234375,206.74000549316406,147.0,113.48999786376953,115.58999633789062,105.58999633789062,150.75,121.22000122070312,286.0,206.7899932861328,145.0,111.69999694824219,114.4000015258789,105.05000305175781,148.08999633789062,121.22000122070312,283.6499938964844,205.3800048828125,146.88999938964844,112.23999786376953,114.41000366210938,105.33999633789062,149.9499969482422,121.22000122070312,285.94000244140625,205.4499969482422,24864.0,14021.0,20473.0,18700.0,342.0,0.0,42499.0,586.0
2019-12-13,147.0,112.56999969482422,115.19999694824219,106.0,148.3699951171875,121.22000122070312,287.0,204.0500030517578,147.0,112.56999969482422,115.19999694824219,106.0,148.3699951171875,121.22000122070312,287.0,204.0500030517578,147.89999389648438,112.98999786376953,119.48999786376953,106.0,150.97999572753906,121.22000122070312,287.0,206.8000030517578,145.11000061035156,112.0,115.0,105.3499984741211,147.85000610351562,121.22000122070312,284.95001220703125,201.5,145.11000061035156,112.98999786376953,115.58999633789062,105.58999633789062,150.97999572753906,121.22000122070312,286.0,206.0,22116.0,5608.0,60374.0,14084.0,26966.0,0.0,34442.0,1628.0
2019-12-16,148.0,113.98999786376953,117.0,104.98999786376953,149.8000030517578,121.22000122070312,288.0,206.5,148.0,113.98999786376953,117.0,104.98999786376953,149.8000030517578,121.22000122070312,288.0,206.5,148.0,113.98999786376953,118.29000091552734,106.0,149.99000549316406,121.22000122070312,288.0,207.5,146.30999755859375,112.0,115.51000213623047,104.69999694824219,147.02000427246094,121.22000122070312,285.0199890136719,204.0500030517578,147.0,112.75,115.51000213623047,106.0,149.99000549316406,121.22000122070312,287.9700012207031,206.0,50595.0,8844.0,42190.0,37363.0,1319.0,0.0,31487.0,2065.0
2019-12-17,149.00999450683594,112.80000305175781,118.0,105.0,151.99000549316406,121.22000122070312,287.989990234375,206.0500030517578,149.00999450683594,112.80000305175781,118.0,105.0,151.99000549316406,121.22000122070312,287.989990234375,206.0500030517578,153.1699981689453,114.86000061035156,118.88999938964844,105.0,151.99000549316406,121.22000122070312,288.0,206.39999389648438,147.5,112.05000305175781,117.05999755859375,104.48999786376953,149.0,121.22000122070312,286.8500061035156,202.02000427246094,147.5,113.88999938964844,117.05999755859375,104.9800033569336,149.7899932861328,121.22000122070312,287.9800109863281,206.39999389648438,32914.0,12689.0,27054.0,24798.0,1075.0,0.0,68029.0,3054.0
2019-12-18,150.47999572753906,112.2300033569336,120.0999984741211,104.79000091552734,151.75,121.22000122070312,287.989990234375,209.0,150.47999572753906,112.2300033569336,120.0999984741211,104.79000091552734,151.75,121.22000122070312,287.989990234375,209.0,151.35000610351562,113.5,120.98999786376953,104.98999786376953,151.99000549316406,121.22000122070312,288.0,210.89999389648438,149.0,112.0,117.9000015258789,104.4800033569336,150.07000732421875,121.22000122070312,285.4700012207031,205.89999389648438,149.0,113.5,117.9000015258789,104.98999786376953,151.97999572753906,121.22000122070312,287.9200134277344,206.0500030517578,27949.0,11805.0,32975.0,23201.0,812.0,0.0,40008.0,2549.0
2019-12-19,149.99000549316406,111.80000305175781,120.48999786376953,104.5199966430664,151.99000549316406,121.22000122070312,292.0,215.49000549316406,149.99000549316406,111.80000305175781,120.48999786376953,104.5199966430664,151.99000549316406,121.22000122070312,292.0,215.49000549316406,150.75,112.9000015258789,120.69000244140625,104.80000305175781,151.99000549316406,121.22000122070312,296.0,218.0,149.89999389648438,111.69000244140625,119.0,104.4000015258789,151.0500030517578,121.22000122070312,287.79998779296875,209.5,150.47000122070312,112.8499984741211,119.0199966430664,104.79000091552734,151.75,121.22000122070312,288.0,209.5,12002.0,8921.0,22651.0,43904.0,987.0,0.0,37340.0,2634.0
2019-12-20,151.0,112.98999786376953,122.80000305175781,105.80000305175781,151.5,121.22000122070312,294.3699951171875,218.0,151.0,112.98999786376953,122.80000305175781,105.80000305175781,151.5,121.22000122070312,294.3699951171875,218.0,151.0,113.33999633789062,124.98999786376953,106.0,151.97999572753906,121.22000122070312,296.79998779296875,220.0,149.08999633789062,112.0,120.5,104.55000305175781,150.1999969482422,121.22000122070312,292.0,215.49000549316406,149.97000122070312,112.5,120.51000213623047,104.73999786376953,151.97999572753906,121.22000122070312,292.0,215.49000549316406,11497.0,7114.0,24998.0,35664.0,446.0,0.0,28136.0,1128.0
2019-12-23,150.0,117.91000366210938,123.5,108.0,151.5,121.22000122070312,295.6000061035156,220.75,150.0,117.91000366210938,123.5,108.0,151.5,121.22000122070312,295.6000061035156,220.75,151.0,119.80999755859375,129.3300018310547,108.0,151.5,121.22000122070312,301.6000061035156,221.3000030517578,149.5500030517578,112.5,122.0,105.51000213623047,150.27999877929688,121.22000122070312,294.4599914550781,219.91000366210938,151.0,112.98999786376953,123.47000122070312,106.0,151.39999389648438,121.22000122070312,295.489990234375,219.91000366210938,18379.0,22965.0,44801.0,26042.0,692.0,0.0,31018.0,1072.0
2019-12-26,150.36000061035156,121.0,124.5199966430664,107.0,150.5,121.22000122070312,295.7200012207031,223.99000549316406,150.36000061035156,121.0,124.5199966430664,107.0,150.5,121.22000122070312,295.7200012207031,223.99000549316406,152.0,125.9000015258789,125.88999938964844,108.0,151.89999389648438,121.22000122070312,298.6499938964844,224.0,149.8000030517578,117.91000366210938,123.61000061035156,106.7300033569336,150.4199981689453,121.22000122070312,295.1700134277344,218.64999389648438,150.4499969482422,117.91000366210938,123.9800033569336,108.0,151.5,121.22000122070312,297.9700012207031,220.0,23825.0,15790.0,38997.0,45945.0,5555.0,0.0,39453.0,1005.0
2019-12-27,149.89999389648438,118.70999908447266,124.9800033569336,107.0,152.0,121.22000122070312,296.3699951171875,224.89999389648438,149.89999389648438,118.70999908447266,124.9800033569336,107.0,152.0,121.22000122070312,296.3699951171875,224.89999389648438,151.0,122.22000122070312,127.98999786376953,108.0,152.0,121.22000122070312,297.95001220703125,225.0,148.0,115.0,124.18000030517578,106.80999755859375,150.5,121.22000122070312,295.7300109863281,222.0,150.3699951171875,121.80000305175781,124.5999984741211,107.5,151.13999938964844,121.22000122070312,296.0,224.3000030517578,23537.0,22756.0,24437.0,30749.0,2691.0,0.0,35635.0,1729.0
2019-12-30,150.1999969482422,121.5,126.98999786376953,108.0,150.92999267578125,121.22000122070312,299.989990234375,223.14999389648438,150.1999969482422,121.5,126.98999786376953,108.0,150.92999267578125,121.22000122070312,299.989990234375,223.14999389648438,150.99000549316406,121.97000122070312,126.98999786376953,108.62999725341797,152.5,121.22000122070312,299.989990234375,225.5,149.97999572753906,118.75,123.05000305175781,107.19999694824219,150.55999755859375,121.22000122070312,296.70001220703125,223.0,150.6999969482422,118.75,124.9800033569336,107.19999694824219,151.99000549316406,121.22000122070312,297.5,225.0,12905.0,7852.0,83204.0,20068.0,3521.0,0.0,18343.0,1164.0
2020-01-02,150.8000030517578,122.94999694824219,126.1500015258789,109.8499984741211,152.4600067138672,121.22000122070312,301.0,219.5,150.8000030517578,122.94999694824219,126.1500015258789,109.8499984741211,152.4600067138672,121.22000122070312,301.0,219.5,151.83999633789062,122.9800033569336,130.0,110.0,152.5,121.22000122070312,306.989990234375,222.27999877929688,150.2100067138672,121.5,125.61000061035156,108.0,150.5800018310547,121.22000122070312,299.0,218.5,150.2100067138672,121.5,125.61000061035156,108.19999694824219,151.0800018310547,121.22000122070312,299.9700012207031,222.27999877929688,23221.0,9517.0,32453.0,33234.0,1480.0,0.0,24395.0,1300.0
2020-01-03,150.0,124.5,126.79000091552734,110.7300033569336,152.5,121.22000122070312,301.3900146484375,225.0,150.0,124.5,126.79000091552734,110.7300033569336,152.5,121.22000122070312,301.3900146484375,225.0,150.6699981689453,129.49000549316406,127.0,112.30000305175781,152.5,121.22000122070312,301.3999938964844,230.2899932861328,146.0,122.20999908447266,126.1500015258789,109.5,151.8800048828125,121.22000122070312,299.5,213.66000366210938,150.0,122.94000244140625,126.80000305175781,109.8499984741211,152.5,121.22000122070312,301.3900146484375,219.5,24030.0,10464.0,30646.0,39995.0,1829.0,0.0,32721.0,1849.0
2020-01-06,150.14999389648438,124.4000015258789,127.0,111.80000305175781,151.50999450683594,121.22000122070312,300.1000061035156,221.25,150.14999389648438,124.4000015258789,127.0,111.80000305175781,151.50999450683594,121.22000122070312,300.1000061035156,221.25,150.5,126.69999694824219,127.0,112.97000122070312,152.5,121.22000122070312,301.3999938964844,227.0,149.25,123.31999969482422,126.30999755859375,110.7300033569336,151.5,121.22000122070312,298.5,214.2100067138672,150.10000610351562,124.5,126.98999786376953,110.7300033569336,152.5,121.22000122070312,301.3999938964844,227.0,23394.0,14939.0,42594.0,42384.0,300.0,0.0,29815.0,2806.0
2020-01-07,150.89999389648438,123.91000366210938,127.0,111.83000183105469,151.5,121.22000122070312,294.5,224.67999267578125,150.89999389648438,123.91000366210938,127.0,111.83000183105469,151.5,121.22000122070312,294.5,224.67999267578125,151.1999969482422,125.41000366210938,127.93000030517578,112.37999725341797,152.49000549316406,121.22000122070312,301.0,226.99000549316406,149.5,122.1500015258789,123.62999725341797,111.0,150.50999450683594,121.22000122070312,292.0,221.0,150.14999389648438,124.5,127.0,111.94999694824219,152.49000549316406,121.22000122070312,300.1300048828125,221.0,65245.0,10788.0,59164.0,33056.0,3404.0,0.0,39271.0,2129.0
2020-01-08,150.0,121.44000244140625,123.80000305175781,111.94000244140625,152.10000610351562,121.22000122070312,287.54998779296875,220.3699951171875,150.0,121.44000244140625,123.80000305175781,111.94000244140625,152.10000610351562,121.22000122070312,287.54998779296875,220.3699951171875,150.88999938964844,126.19999694824219,126.98999786376953,112.0,152.35000610351562,121.22000122070312,297.9599914550781,223.0,148.1999969482422,115.5,118.01000213623047,108.19999694824219,150.5,121.22000122070312,285.1099853515625,208.3300018310547,150.88999938964844,124.5,126.98999786376953,111.83000183105469,152.0,121.22000122070312,294.5199890136719,223.0,34706.0,19885.0,70903.0,28836.0,1308.0,0.0,50835.0,4966.0
2020-01-09,148.97999572753906,120.58000183105469,123.55000305175781,110.5,152.3000030517578,121.22000122070312,289.5,220.35000610351562,148.97999572753906,120.58000183105469,123.55000305175781,110.5,152.3000030517578,121.22000122070312,289.5,220.35000610351562,150.0,124.0,126.88999938964844,111.4000015258789,154.0,121.22000122070312,291.0,223.99000549316406,147.1199951171875,120.02999877929688,121.5999984741211,110.22000122070312,151.50999450683594,121.22000122070312,289.010009765625,220.00999450683594,149.99000549316406,121.97000122070312,124.0199966430664,111.0999984741211,151.50999450683594,121.22000122070312,289.29998779296875,220.00999450683594,54635.0,11519.0,58318.0,24752.0,597.0,0.0,31298.0,1651.0
2020-01-10,149.99000549316406,114.98999786376953,122.4000015258789,111.01000213623047,153.0,121.22000122070312,289.6499938964844,220.5,149.99000549316406,114.98999786376953,122.4000015258789,111.01000213623047,153.0,121.22000122070312,289.6499938964844,220.5,150.3000030517578,116.9000015258789,124.94999694824219,112.05000305175781,159.5,121.22000122070312,291.0,221.99000549316406,147.1999969482422,114.0,122.0,109.66999816894531,151.50999450683594,121.22000122070312,289.5799865722656,218.0,149.0,116.9000015258789,123.55000305175781,110.5,152.3000030517578,121.22000122070312,290.0,220.33999633789062,33589.0,18933.0,38604.0,28259.0,684.0,0.0,27840.0,882.0
2020-01-13,149.75,114.9000015258789,123.19000244140625,111.4000015258789,158.0,121.22000122070312,293.0,220.36000061035156,149.75,114.9000015258789,123.19000244140625,111.4000015258789,158.0,121.22000122070312,293.0,220.36000061035156,150.0,115.5,123.93000030517578,111.86000061035156,159.99000549316406,121.22000122070312,293.70001220703125,222.1999969482422,148.36000061035156,114.05999755859375,122.5,109.70999908447266,151.6999969482422,121.22000122070312,290.0,218.11000061035156,149.99000549316406,114.98999786376953,122.5,109.70999908447266,152.0,121.22000122070312,290.0,220.25,27854.0,9614.0,24324.0,14656.0,1312.0,0.0,43978.0,7163.0
2020-01-14,149.0,115.0,124.5,111.0,157.99000549316406,121.22000122070312,294.75,222.89999389648438,149.0,115.0,124.5,111.0,157.99000549316406,121.22000122070312,294.75,222.89999389648438,149.75,117.01000213623047,125.0,111.80000305175781,158.0,121.22000122070312,295.0,222.89999389648438,148.0,114.11000061035156,123.16999816894531,109.06999969482422,155.00999450683594,121.22000122070312,293.0,220.0,149.72999572753906,115.5,123.26000213623047,111.19999694824219,158.0,121.22000122070312,293.0,220.36000061035156,23396.0,22280.0,29911.0,24367.0,2285.0,0.0,24199.0,4009.0
2020-01-15,148.17999267578125,113.9000015258789,124.08999633789062,111.33999633789062,157.99000549316406,121.22000122070312,294.29998779296875,223.1699981689453,148.17999267578125,113.9000015258789,124.08999633789062,111.33999633789062,157.99000549316406,121.22000122070312,294.29998779296875,223.1699981689453,149.0,114.97000122070312,125.0,111.7699966430664,157.99000549316406,121.22000122070312,294.75,224.6999969482422,147.0,113.05999755859375,123.5,110.5,155.5,121.22000122070312,293.5,218.10000610351562,149.0,114.5999984741211,123.5,111.7699966430664,157.99000549316406,121.22000122070312,294.5,222.89999389648438,22219.0,37741.0,31646.0,18438.0,1778.0,0.0,23299.0,2051.0
2020-01-16,147.7100067138672,114.76000213623047,124.08999633789062,110.69999694824219,157.99000549316406,121.22000122070312,295.3299865722656,218.89999389648438,147.7100067138672,114.76000213623047,124.08999633789062,110.69999694824219,157.99000549316406,121.22000122070312,295.3299865722656,218.89999389648438,148.99000549316406,115.0,126.0,111.5,157.99000549316406,121.22000122070312,296.9700012207031,223.17999267578125,147.5399932861328,113.5,124.08999633789062,110.5,156.1999969482422,121.22000122070312,294.5,218.82000732421875,148.5,113.9000015258789,124.1500015258789,111.4000015258789,156.1999969482422,121.22000122070312,294.510009765625,223.16000366210938,17034.0,28771.0,33170.0,13496.0,762.0,0.0,22922.0,582.0
2020-01-17,147.5,113.75,125.5,110.25,157.99000549316406,121.22000122070312,294.29998779296875,218.10000610351562,147.5,113.75,125.5,110.25,157.99000549316406,121.22000122070312,294.29998779296875,218.10000610351562,147.99000549316406,114.86000061035156,125.87999725341797,110.6500015258789,157.99000549316406,121.22000122070312,295.79998779296875,220.0,146.72999572753906,113.51000213623047,125.0,110.11000061035156,156.3000030517578,121.22000122070312,293.5199890136719,218.10000610351562,147.99000549316406,114.66000366210938,125.0999984741211,110.5,157.99000549316406,121.22000122070312,295.79998779296875,220.0,14219.0,48032.0,21811.0,17400.0,366.0,0.0,22374.0,1065.0
2020-01-20,144.10000610351562,115.30000305175781,125.41999816894531,109.0,157.99000549316406,121.22000122070312,291.0,219.0,144.10000610351562,115.30000305175781,125.41999816894531,109.0,157.99000549316406,121.22000122070312,291.0,219.0,147.5,117.0,126.33000183105469,110.25,157.99000549316406,121.22000122070312,295.0,219.0,143.1300048828125,114.51000213623047,125.0,108.6500015258789,156.5800018310547,121.22000122070312,290.010009765625,218.19000244140625,147.5,114.51000213623047,125.87000274658203,110.25,157.99000549316406,121.22000122070312,295.0,218.19000244140625,25694.0,18373.0,23741.0,22553.0,444.0,0.0,21623.0,2969.0
2020-01-21,142.1999969482422,115.37999725341797,124.88999938964844,108.88999938964844,157.89999389648438,121.22000122070312,287.1000061035156,219.17999267578125,142.1999969482422,115.37999725341797,124.88999938964844,108.88999938964844,157.89999389648438,121.22000122070312,287.1000061035156,219.17999267578125,144.0,116.4000015258789,126.44000244140625,109.5,157.99000549316406,121.22000122070312,290.989990234375,219.39999389648438,141.5,114.5999984741211,124.5,108.5,156.1999969482422,121.22000122070312,286.0299987792969,218.66000366210938,144.0,115.30000305175781,125.77999877929688,109.0,157.99000549316406,121.22000122070312,290.989990234375,218.66000366210938,20603.0,18494.0,33709.0,17054.0,2035.0,0.0,26900.0,1166.0
2020-01-22,142.9499969482422,114.98999786376953,124.20999908447266,109.29000091552734,157.99000549316406,121.22000122070312,288.0,218.10000610351562,142.9499969482422,114.98999786376953,124.20999908447266,109.29000091552734,157.99000549316406,121.22000122070312,288.0,218.10000610351562,143.0,116.69000244140625,125.69000244140625,109.94000244140625,157.99000549316406,121.22000122070312,293.0899963378906,220.0,141.5,113.80000305175781,124.05999755859375,108.61000061035156,156.1999969482422,121.22000122070312,287.0,218.10000610351562,142.1999969482422,115.79000091552734,124.9000015258789,108.88999938964844,157.97999572753906,121.22000122070312,289.7900085449219,219.14999389648438,20075.0,17826.0,28926.0,18881.0,1937.0,0.0,25465.0,3752.0
2020-01-23,143.0,114.62000274658203,123.51000213623047,108.9000015258789,156.60000610351562,121.22000122070312,289.0,218.3000030517578,143.0,114.62000274658203,123.51000213623047,108.9000015258789,156.60000610351562,121.22000122070312,289.0,218.3000030517578,143.99000549316406,115.98999786376953,124.98999786376953,109.5,157.99000549316406,121.22000122070312,291.0,223.41000366210938,142.5,113.73999786376953,122.98999786376953,108.75,156.1999969482422,121.22000122070312,288.010009765625,218.1199951171875,143.0,115.0,124.98999786376953,109.0,156.1999969482422,121.22000122070312,289.0,219.97999572753906,18237.0,16601.0,33715.0,18134.0,1413.0,0.0,13882.0,884.0
2020-01-24,141.80999755859375,113.98999786376953,123.0,108.7699966430664,156.22000122070312,121.22000122070312,288.989990234375,220.1999969482422,141.80999755859375,113.98999786376953,123.0,108.7699966430664,156.22000122070312,121.22000122070312,288.989990234375,220.1999969482422,144.49000549316406,115.5999984741211,124.0,109.9800033569336,157.99000549316406,121.22000122070312,290.9599914550781,224.75,140.0,113.5,122.5,108.41000366210938,156.1999969482422,121.22000122070312,280.0,218.8000030517578,143.00999450683594,114.55000305175781,123.87000274658203,108.62000274658203,156.1999969482422,121.22000122070312,289.0,219.99000549316406,24269.0,24251.0,22629.0,19627.0,1759.0,0.0,19447.0,1305.0
2020-01-27,141.47999572753906,112.83000183105469,122.30000305175781,108.4000015258789,157.99000549316406,121.22000122070312,290.489990234375,221.49000549316406,141.47999572753906,112.83000183105469,122.30000305175781,108.4000015258789,157.99000549316406,121.22000122070312,290.489990234375,221.49000549316406,142.0,114.0,123.44999694824219,109.0199966430664,157.99000549316406,121.22000122070312,290.489990234375,222.00999450683594,140.11000061035156,111.9000015258789,121.9000015258789,108.0,155.5,121.22000122070312,286.1400146484375,218.30999755859375,141.80999755859375,113.69999694824219,123.05000305175781,108.83000183105469,156.1999969482422,121.22000122070312,288.989990234375,220.1999969482422,15526.0,53690.0,29901.0,26180.0,2319.0,0.0,17749.0,562.0
2020-01-28,140.33999633789062,114.33999633789062,122.5999984741211,109.30000305175781,157.99000549316406,121.22000122070312,290.4800109863281,221.60000610351562,140.33999633789062,114.33999633789062,122.5999984741211,109.30000305175781,157.99000549316406,121.22000122070312,290.4800109863281,221.60000610351562,143.0,114.91999816894531,123.45999908447266,109.88999938964844,157.99000549316406,121.22000122070312,290.489990234375,225.0,139.99000549316406,113.0,122.0,109.0,155.6699981689453,121.22000122070312,286.8999938964844,220.5399932861328,141.5,113.5,122.0,109.0,157.99000549316406,121.22000122070312,290.489990234375,224.6999969482422,17921.0,14290.0,31398.0,20083.0,1186.0,0.0,13196.0,879.0
2020-01-29,138.99000549316406,115.11000061035156,122.62000274658203,108.88999938964844,156.39999389648438,121.22000122070312,290.0,219.83999633789062,138.99000549316406,115.11000061035156,122.62000274658203,108.88999938964844,156.39999389648438,121.22000122070312,290.0,219.83999633789062,141.75,116.4000015258789,125.1500015258789,109.5,157.99000549316406,121.22000122070312,291.0,221.0,138.99000549316406,113.55999755859375,122.36000061035156,108.4000015258789,155.64999389648438,121.22000122070312,289.04998779296875,219.61000061035156,140.00999450683594,114.19999694824219,122.62999725341797,108.80999755859375,157.99000549316406,121.22000122070312,290.489990234375,219.61000061035156,24320.0,12871.0,41911.0,24636.0,1683.0,0.0,13346.0,502.0
2020-01-30,138.00999450683594,115.22000122070312,122.0,108.94999694824219,154.5,121.22000122070312,288.6000061035156,221.3000030517578,138.00999450683594,115.22000122070312,122.0,108.94999694824219,154.5,121.22000122070312,288.6000061035156,221.3000030517578,139.99000549316406,116.38999938964844,124.30000305175781,109.18000030517578,157.99000549316406,121.22000122070312,289.6199951171875,224.5,137.8000030517578,115.0,121.0,108.4000015258789,153.8000030517578,121.22000122070312,286.5899963378906,219.8699951171875,139.0,115.0,122.70999908447266,108.98999786376953,156.64999389648438,121.22000122070312,288.1000061035156,219.8699951171875,19563.0,11294.0,36365.0,19625.0,992.0,0.0,17732.0,1007.0
2020-01-31,139.6999969482422,116.0,123.5,108.44999694824219,156.0800018310547,121.22000122070312,289.20001220703125,221.6999969482422,139.6999969482422,116.0,123.5,108.44999694824219,156.0800018310547,121.22000122070312,289.20001220703125,221.6999969482422,140.74000549316406,116.5,125.19999694824219,109.0999984741211,164.9600067138672,121.22000122070312,289.3500061035156,223.0,138.00999450683594,115.55000305175781,121.51000213623047,108.0,154.88999938964844,121.22000122070312,285.3800048828125,218.22999572753906,138.1199951171875,116.0,122.01000213623047,108.4000015258789,155.39999389648438,121.22000122070312,288.6000061035156,221.5,12883.0,9561.0,46008.0,23844.0,1576.0,0.0,15147.0,978.0
2020-02-03,138.50999450683594,113.6500015258789,120.56999969482422,105.12000274658203,152.10000610351562,121.22000122070312,286.79998779296875,216.39999389648438,138.50999450683594,113.6500015258789,120.56999969482422,105.12000274658203,152.10000610351562,121.22000122070312,286.79998779296875,216.39999389648438,140.0,115.5,122.0,106.0999984741211,156.0800018310547,121.22000122070312,289.989990234375,220.80999755859375,138.0,113.55000305175781,119.5,104.68000030517578,150.0,121.22000122070312,285.5,212.4199981689453,139.85000610351562,114.80000305175781,121.98999786376953,105.97000122070312,156.0800018310547,121.22000122070312,288.8999938964844,220.80999755859375,16657.0,14371.0,46950.0,53650.0,1830.0,0.0,12644.0,1124.0
2020-02-04,139.02000427246094,113.80000305175781,120.95999908447266,106.62999725341797,151.9499969482422,121.22000122070312,286.79998779296875,218.97999572753906,139.02000427246094,113.80000305175781,120.95999908447266,106.62999725341797,151.9499969482422,121.22000122070312,286.79998779296875,218.97999572753906,139.5,115.76000213623047,122.0,106.97000122070312,156.39999389648438,121.22000122070312,288.1700134277344,218.99000549316406,138.50999450683594,113.80000305175781,119.9000015258789,105.20999908447266,150.0,121.22000122070312,285.489990234375,216.3800048828125,138.50999450683594,113.80999755859375,120.5,105.20999908447266,152.99000549316406,121.22000122070312,286.79998779296875,216.41000366210938,12732.0,9500.0,29068.0,24134.0,12451.0,0.0,15963.0,855.0
2020-02-05,140.47000122070312,113.69000244140625,118.5,107.38999938964844,150.25,121.22000122070312,285.0,219.5,140.47000122070312,113.69000244140625,118.5,107.38999938964844,150.25,121.22000122070312,285.0,219.5,140.5,114.94000244140625,118.5999984741211,107.9800033569336,151.4499969482422,121.22000122070312,287.5,220.0,138.5399932861328,113.55000305175781,117.01000213623047,106.0,148.25,121.22000122070312,284.29998779296875,219.02000427246094,139.08999633789062,114.0,118.58000183105469,106.62999725341797,148.25,121.22000122070312,287.0,219.02000427246094,20287.0,10487.0,32344.0,39457.0,1427.0,0.0,19500.0,2440.0
2020-02-06,141.10000610351562,114.29000091552734,118.5,106.88999938964844,150.1999969482422,121.22000122070312,285.0,219.8000030517578,141.10000610351562,114.29000091552734,118.5,106.88999938964844,150.1999969482422,121.22000122070312,285.0,219.8000030517578,142.52000427246094,114.86000061035156,119.37999725341797,107.3499984741211,151.85000610351562,121.22000122070312,285.42999267578125,220.0,138.5,113.70999908447266,117.25,106.19999694824219,150.1999969482422,121.22000122070312,284.20001220703125,219.5,140.5,114.08000183105469,118.0,107.19000244140625,151.85000610351562,121.22000122070312,285.0,219.50999450683594,21787.0,9679.0,45544.0,21971.0,2952.0,0.0,12453.0,922.0
2020-02-07,139.99000549316406,114.0,118.5,107.0,150.02999877929688,121.22000122070312,284.9599914550781,215.89999389648438,139.99000549316406,114.0,118.5,107.0,150.02999877929688,121.22000122070312,284.9599914550781,215.89999389648438,141.5,114.69000244140625,118.5,107.98999786376953,151.89999389648438,121.22000122070312,285.4700012207031,220.91000366210938,138.3800048828125,112.48999786376953,117.0,106.02999877929688,150.0,121.22000122070312,282.3999938964844,215.89999389648438,141.0,114.69000244140625,117.51000213623047,106.88999938964844,150.0,121.22000122070312,285.25,220.0,16769.0,9976.0,39786.0,34496.0,647.0,0.0,20242.0,1819.0
2020-02-10,139.02000427246094,113.80000305175781,117.79000091552734,105.88999938964844,149.35000610351562,121.22000122070312,285.0,215.89999389648438,139.02000427246094,113.80000305175781,117.79000091552734,105.88999938964844,149.35000610351562,121.22000122070312,285.0,215.89999389648438,141.0,114.52999877929688,118.0,106.79000091552734,151.97999572753906,121.22000122070312,285.010009765625,222.0,139.02000427246094,113.30000305175781,117.0,105.12000274658203,149.35000610351562,121.22000122070312,283.04998779296875,215.89999389648438,141.0,114.26000213623047,118.0,106.79000091552734,149.41000366210938,121.22000122070312,284.9700012207031,220.9199981689453,17359.0,7082.0,38164.0,20789.0,702.0,0.0,18300.0,1357.0
2020-02-11,138.5,114.6500015258789,117.19999694824219,106.19000244140625,151.9199981689453,121.22000122070312,282.8999938964844,213.11000061035156,138.5,114.6500015258789,117.19999694824219,106.19000244140625,151.9199981689453,121.22000122070312,282.8999938964844,213.11000061035156,139.89999389648438,115.0,117.9000015258789,106.5,152.10000610351562,121.22000122070312,285.1000061035156,220.64999389648438,138.0,113.5999984741211,116.70999908447266,105.80999755859375,150.02999877929688,121.22000122070312,282.010009765625,212.02999877929688,139.02000427246094,113.5999984741211,117.9000015258789,106.19999694824219,151.0,121.22000122070312,285.0,215.91000366210938,19153.0,9053.0,77389.0,15027.0,598.0,0.0,24203.0,1364.0
2020-02-12,140.0,115.98999786376953,117.19000244140625,106.30000305175781,151.5,121.22000122070312,283.0,217.9199981689453,140.0,115.98999786376953,117.19000244140625,106.30000305175781,151.5,121.22000122070312,283.0,217.9199981689453,140.0,115.98999786376953,117.19000244140625,106.5,152.25,121.22000122070312,285.0,218.8699951171875,138.60000610351562,114.58999633789062,116.0,106.19999694824219,150.5,121.22000122070312,282.0,215.8000030517578,138.77999877929688,115.0,117.0,106.30000305175781,150.5,121.22000122070312,282.8999938964844,215.89999389648438,9134.0,7351.0,35882.0,16407.0,2987.0,0.0,28103.0,2293.0
2020-02-13,139.75,116.9000015258789,117.0,106.27999877929688,152.5,121.22000122070312,283.29998779296875,216.5,139.75,116.9000015258789,117.0,106.27999877929688,152.5,121.22000122070312,283.29998779296875,216.5,140.0,117.3499984741211,117.5,106.5,152.99000549316406,121.22000122070312,284.29998779296875,217.91000366210938,138.60000610351562,114.80999755859375,116.9000015258789,106.11000061035156,150.6199951171875,121.22000122070312,282.6300048828125,215.99000549316406,138.60000610351562,116.0,117.13999938964844,106.33999633789062,151.5,121.22000122070312,283.20001220703125,217.91000366210938,11948.0,13294.0,41656.0,14953.0,1041.0,0.0,22947.0,461.0
2020-02-14,139.74000549316406,118.0999984741211,117.23999786376953,107.20999908447266,152.0,121.22000122070312,283.2900085449219,212.22000122070312,139.74000549316406,118.0999984741211,117.23999786376953,107.20999908447266,152.0,121.22000122070312,283.2900085449219,212.22000122070312,140.0,118.30000305175781,117.30000305175781,107.4000015258789,155.3300018310547,121.22000122070312,284.8500061035156,217.0,139.5,117.0,116.80999755859375,106.0199966430664,152.0,121.22000122070312,282.20001220703125,208.6999969482422,140.0,117.0,116.98999786376953,106.20999908447266,152.99000549316406,121.22000122070312,284.0,216.6999969482422,16526.0,9355.0,52342.0,27257.0,24926.0,0.0,27303.0,1487.0
2020-02-17,139.6999969482422,118.77999877929688,117.23999786376953,106.45999908447266,153.0,121.22000122070312,283.2900085449219,212.25,139.6999969482422,118.77999877929688,117.23999786376953,106.45999908447266,153.0,121.22000122070312,283.2900085449219,212.25,139.89999389648438,119.94000244140625,117.23999786376953,107.44999694824219,153.9499969482422,121.22000122070312,286.4100036621094,212.99000549316406,138.0,116.19999694824219,116.5,106.05999755859375,150.02000427246094,121.22000122070312,282.5,210.0,139.89999389648438,118.95999908447266,117.0199966430664,107.36000061035156,150.02000427246094,121.22000122070312,283.3999938964844,212.22000122070312,26054.0,14727.0,37315.0,25124.0,802.0,0.0,54474.0,994.0
2020-02-18,139.6999969482422,117.3499984741211,117.23999786376953,106.1500015258789,152.5,121.22000122070312,283.25,214.0,139.6999969482422,117.3499984741211,117.23999786376953,106.1500015258789,152.5,121.22000122070312,283.25,214.0,139.8000030517578,118.9000015258789,117.4800033569336,106.87999725341797,152.69000244140625,121.22000122070312,284.04998779296875,216.49000549316406,138.97000122070312,115.9000015258789,117.0,106.0199966430664,151.8000030517578,121.22000122070312,282.8999938964844,212.33999633789062,139.8000030517578,118.68000030517578,117.20999908447266,106.47000122070312,151.8000030517578,121.22000122070312,283.5,213.00999450683594,11255.0,17647.0,23209.0,26328.0,19013.0,0.0,34335.0,1918.0
2020-02-19,138.1999969482422,118.0,117.23999786376953,104.68000030517578,152.5,121.22000122070312,283.3999938964844,213.52999877929688,138.1999969482422,118.0,117.23999786376953,104.68000030517578,152.5,121.22000122070312,283.3999938964844,213.52999877929688,139.69000244140625,118.6500015258789,117.23999786376953,106.45999908447266,153.00999450683594,121.22000122070312,283.4700012207031,216.00999450683594,137.97999572753906,117.0,116.5199966430664,104.6500015258789,152.25999450683594,121.22000122070312,282.8999938964844,212.25,139.69000244140625,117.0,117.23999786376953,106.08000183105469,153.00999450683594,121.22000122070312,283.25,214.0399932861328,22528.0,17505.0,36152.0,25928.0,22119.0,0.0,43689.0,3076.0
2020-02-20,137.89999389648438,118.0,116.5,105.5999984741211,152.5,121.22000122070312,283.20001220703125,215.89999389648438,137.89999389648438,118.0,116.5,105.5999984741211,152.5,121.22000122070312,283.20001220703125,215.89999389648438,138.19000244140625,118.37999725341797,118.79000091552734,105.94000244140625,155.5,121.22000122070312,283.75,216.0,137.11000061035156,117.5,116.5,104.69999694824219,152.5,121.22000122070312,283.0,213.52000427246094,138.19000244140625,118.37999725341797,117.0,104.69999694824219,152.52000427246094,121.22000122070312,283.45001220703125,214.0,17547.0,10599.0,46835.0,15295.0,9596.0,0.0,24471.0,1994.0
2020-02-21,138.6300048828125,118.0,116.94000244140625,106.5,152.60000610351562,121.22000122070312,283.8999938964844,215.99000549316406,138.6300048828125,118.0,116.94000244140625,106.5,152.60000610351562,121.22000122070312,283.8999938964844,215.99000549316406,139.0,119.76000213623047,117.0,107.29000091552734,155.8300018310547,121.22000122070312,283.8999938964844,215.99000549316406,137.5,117.77999877929688,116.12999725341797,105.41999816894531,152.5,121.22000122070312,283.0,213.5500030517578,137.89999389648438,118.0,116.5199966430664,105.5999984741211,152.5,121.22000122070312,283.5,215.89999389648438,11466.0,25706.0,44516.0,13070.0,121.0,0.0,41580.0,1376.0
2020-02-26,135.5,115.0,115.7300033569336,104.16000366210938,150.22999572753906,,280.29998779296875,214.92999267578125,135.5,115.0,115.7300033569336,104.16000366210938,150.22999572753906,,280.29998779296875,214.92999267578125,138.3699951171875,117.51000213623047,115.73999786376953,106.0,151.00999450683594,,282.0,215.9499969482422,135.0,114.76000213623047,113.0,104.1500015258789,149.11000061035156,,274.8399963378906,213.5,138.0,117.51000213623047,115.55000305175781,106.0,150.4199981689453,,280.0,215.9499969482422,18190.0,13444.0,31620.0,14953.0,811.0,,17069.0,890.0
2020-02-27,135.89999389648438,115.80000305175781,116.0,104.19999694824219,150.02000427246094,,281.0,215.0,135.89999389648438,115.80000305175781,116.0,104.19999694824219,150.02000427246094,,281.0,215.0,136.5,115.88999938964844,116.0,105.0999984741211,152.27999877929688,,282.0,216.60000610351562,134.97999572753906,113.80000305175781,114.62999725341797,103.98999786376953,150.0,,279.0,213.61000061035156,135.3000030517578,115.0,115.0,104.30999755859375,150.24000549316406,,280.0,214.92999267578125,17372.0,12070.0,23222.0,22000.0,874.0,,21169.0,376.0
2020-02-28,136.1300048828125,114.80000305175781,116.23999786376953,103.88999938964844,151.0,,281.0,214.50999450683594,136.1300048828125,114.80000305175781,116.23999786376953,103.88999938964844,151.0,,281.0,214.50999450683594,138.00999450683594,116.75,116.23999786376953,105.19999694824219,153.0,,281.8999938964844,215.0,135.50999450683594,113.98999786376953,114.5199966430664,103.5199966430664,149.11000061035156,,279.0,212.35000610351562,136.0,115.80000305175781,115.98999786376953,104.20999908447266,150.00999450683594,,281.0,215.0,18815.0,16300.0,50610.0,18213.0,515.0,,22861.0,573.0
2020-03-02,137.22999572753906,113.12000274658203,114.93000030517578,105.4000015258789,156.27999877929688,,280.7200012207031,213.61000061035156,137.22999572753906,113.12000274658203,114.93000030517578,105.4000015258789,156.27999877929688,,280.7200012207031,213.61000061035156,137.89999389648438,114.9000015258789,115.38999938964844,105.7300033569336,156.27999877929688,,283.0,218.10000610351562,136.13999938964844,112.11000061035156,114.5,104.01000213623047,149.3000030517578,,279.17999267578125,211.57000732421875,136.14999389648438,113.7699966430664,115.08000183105469,104.5,149.3000030517578,,279.3999938964844,215.0,18290.0,12206.0,21505.0,13109.0,23262.0,,12601.0,1620.0
2020-03-03,137.44000244140625,114.5,115.4000015258789,105.81999969482422,156.10000610351562,,280.1199951171875,215.0,137.44000244140625,114.5,115.4000015258789,105.81999969482422,156.10000610351562,,280.1199951171875,215.0,139.99000549316406,115.27999877929688,115.77999877929688,105.98999786376953,156.27999877929688,,283.3999938964844,216.97000122070312,137.0,112.9800033569336,114.75,105.0,155.27999877929688,,280.0199890136719,214.0,137.24000549316406,114.9000015258789,114.93000030517578,105.0999984741211,156.27999877929688,,283.0,214.02999877929688,14205.0,7480.0,26884.0,11436.0,146.0,,13105.0,16216.0
